Bio,Description,Career,Personality,Interests,Relationship Goals
"The Creative Architect","Architect with a passion for sustainable design and creating beautiful spaces. Looking for someone who appreciates art and architecture.","Architect","Creative","Design, Art","Long-term"
"The Passionate Environmentalist","Environmental scientist dedicated to preserving the planet. Looking for a partner who shares my commitment to sustainability and the environment.","Environmental Scientist","Compassionate","Sustainability, Nature","Long-term"
"The Dedicated Athlete","Professional athlete who lives for the thrill of competition. Seeking someone who shares my love for fitness and pushing boundaries.","Athlete","Outgoing","Sports, Fitness","Long-term"
"The Friendly Chef","Chef who loves experimenting with new flavors and recipes. Looking for a partner who enjoys cooking together and appreciates fine food.","Chef","Compassionate","Cooking, Food","Long-term"
"The Dynamic Engineer","Engineer with a passion for problem-solving and innovation. Looking for someone who values intellectual conversations and new ideas.","Engineer","Introverted","Technology, Innovation","Long-term"
"The Thoughtful Poet","Poet who finds beauty in everyday moments. Looking for a partner who enjoys creativity and deep, introspective conversations.","Poet","Introverted","Writing, Literature","Seeking Deep Connection"
"The Driven Lawyer","Attorney with a focus on justice and fairness. Looking for a partner who values integrity and commitment to helping others.","Lawyer","Outgoing","Law, Social Justice","Long-term"
"The Curious Biologist","Biologist who loves exploring life’s mysteries. Looking for someone who shares my curiosity about the world and loves intellectual discussions.","Biologist","Introverted","Science, Nature","Long-term"
"The Tech-Savvy Photographer","Photographer with a love for capturing moments and technology. Looking for a partner who appreciates photography and the digital world.","Photographer","Adventurous","Photography, Technology","Casual"
"The Energetic Entrepreneur","Startup founder with a passion for growth and innovation. Seeking a partner who shares my entrepreneurial spirit and drive.","Entrepreneur","Outgoing","Business, Innovation","Long-term"
"The Artistic Chef","Culinary artist who loves creating beautiful and delicious dishes. Looking for a partner who appreciates the art of cooking and creativity.","Chef","Creative","Cooking, Art","Casual"
"The Inspiring Teacher","Teacher who is passionate about inspiring students to reach their potential. Looking for someone who values education and personal growth.","Teacher","Compassionate","Teaching, Learning","Long-term"
"The Adventurous Writer","Writer who finds inspiration in the world around me. Seeking a partner who enjoys exploring new ideas and embarking on creative adventures.","Writer","Adventurous","Writing, Traveling","Seeking Deep Connection"
"The Social Media Strategist","Digital strategist with a passion for branding and creativity. Looking for a partner who shares my interest in social media and storytelling.","Digital Strategist","Outgoing","Social Media, Creativity","Casual"
"The Thoughtful Scientist","Scientist who loves uncovering the secrets of the universe. Looking for a partner who enjoys deep thinking and intellectual exploration.","Scientist","Introverted","Science, Technology","Seeking Deep Connection"
"The Energetic Fitness Trainer","Fitness trainer who thrives on motivating others to reach their fitness goals. Looking for a partner who shares my enthusiasm for health and wellness.","Fitness Trainer","Outgoing","Fitness, Wellness","Long-term"
"The Innovative Designer","Designer with a passion for modern aesthetics and user-centered design. Seeking a partner who appreciates creative expression and problem-solving.","Designer","Creative","Design, Technology","Long-term"
"The Compassionate Counselor","Counselor dedicated to helping people find their path. Looking for a partner who shares my values of empathy, kindness, and support.","Counselor","Compassionate","Mental Health, Helping Others","Long-term"
"The Passionate Filmmaker","Filmmaker who loves telling stories through visual art. Seeking someone who appreciates cinema and creativity.","Filmmaker","Creative","Film, Storytelling","Long-term"
"The Curious Engineer","Engineer who loves learning new things and solving complex problems. Looking for a partner who enjoys intellectual challenges and exploration.","Engineer","Introverted","Technology, Innovation","Casual"
"The Caring Nurse","Nurse with a heart for healing and caring for others. Looking for someone who shares my passion for compassion and helping people.","Nurse","Compassionate","Healthcare, Volunteering","Long-term"
"The Passionate Painter","Visual artist who loves creating with color and texture. Looking for a partner who appreciates art and creativity.","Artist","Creative","Painting, Art","Seeking Deep Connection"
"The Ambitious Consultant","Consultant who thrives on helping businesses grow and succeed. Looking for a partner who values hard work and personal development.","Consultant","Outgoing","Business, Growth","Long-term"
"The Outdoor Enthusiast","Outdoor adventurer who loves hiking, biking, and exploring the great outdoors. Looking for someone who shares my love for nature.","Outdoor Enthusiast","Adventurous","Hiking, Nature","Long-term"
"The Social Butterfly","Event planner who loves creating memorable experiences for others. Seeking a partner who enjoys socializing and event planning.","Event Planner","Outgoing","Socializing, Planning","Casual"
"The Intellectual Academic","Professor with a passion for knowledge and teaching. Looking for a partner who enjoys discussing ideas and learning together.","Professor","Introverted","Education, Research","Seeking Deep Connection"
"The Motivated Sales Leader","Sales leader who thrives on success and motivation. Looking for a partner who is driven and enjoys working towards goals.","Sales Leader","Outgoing","Sales, Business","Long-term"
"The Curious Philosopher","Philosopher who enjoys pondering life’s big questions. Seeking a partner who enjoys deep, thought-provoking conversations.","Philosopher","Introverted","Philosophy, Reading","Seeking Deep Connection"
"The Digital Nomad","Freelancer who loves working while traveling the world. Looking for a partner who shares my love for freedom and exploration.","Freelancer","Adventurous","Traveling, Freelance Work","Casual"
"The Motivated Artist","Visual artist who finds beauty in the unexpected. Looking for a partner who appreciates creativity and artistic expression.","Artist","Creative","Art, Creativity","Seeking Deep Connection"
"The Passionate Researcher","Research scientist dedicated to discovering new solutions. Looking for a partner who values intellectual curiosity and innovation.","Researcher","Introverted","Science, Research","Long-term"
"The Spontaneous Adventurer","Traveler who loves going on spontaneous adventures. Seeking someone who enjoys the thrill of exploring new places without a plan.","Traveler","Adventurous","Traveling, Exploration","Casual"
"The Caring Veterinarian","Veterinarian who loves caring for animals and improving their lives. Looking for a partner who shares my love for animals and compassion.","Veterinarian","Compassionate","Animals, Healthcare","Long-term"
"The Motivated Artist","Visual artist who brings color to the world through paintings. Looking for a partner who appreciates creativity and art.","Artist","Creative","Art, Painting","Long-term"
"The Dedicated Teacher","Teacher who loves nurturing young minds and helping them grow. Looking for a partner who values education and personal growth.","Teacher","Compassionate","Teaching, Mentoring","Long-term"
"The Thoughtful Entrepreneur","Entrepreneur who focuses on creating positive impact and sustainable businesses. Looking for someone who shares my vision for social change.","Entrepreneur","Introverted","Business, Sustainability","Long-term"
"The Passionate Techie","Software developer who loves coding and building new projects. Looking for a partner who shares my passion for technology and innovation.","Software Developer","Introverted","Technology, Programming","Casual"
"The Friendly Fitness Enthusiast","Fitness enthusiast who loves motivating others to stay healthy and active. Looking for a partner who shares my love for fitness and wellness.","Fitness Enthusiast","Compassionate","Fitness, Health","Long-term"
"The Energetic Dancer","Professional dancer who thrives on creativity and movement. Looking for someone who shares my passion for dance and performance.","Dancer","Creative","Dance, Performance","Long-term"
"The Friendly Doctor","Doctor with a passion for helping others live healthier lives. Looking for a partner who shares my passion for healthcare and making a difference.","Doctor","Compassionate","Medicine, Helping Others","Long-term"
"The Curious Designer","Designer who loves experimenting with different styles and ideas. Looking for someone who appreciates creative exploration and problem-solving.","Designer","Creative","Design, Creativity","Casual"
"The Tech Entrepreneur","Tech entrepreneur focused on innovative solutions for everyday problems. Looking for a partner who shares my entrepreneurial spirit and love for technology.","Entrepreneur","Outgoing","Tech, Innovation","Long-term"
"The Artistic Photographer","Photographer who captures the world through my lens. Looking for someone who shares my love for photography and the art of storytelling.","Photographer","Creative","Photography, Art","Seeking Deep Connection"
"The Motivated Teacher","Teacher who is passionate about helping students reach their full potential. Looking for a partner who values education and personal growth.","Teacher","Compassionate","Education, Mentoring","Long-term"
"The Compassionate Social Worker","Social worker who helps people improve their lives and well-being. Looking for a partner who shares my commitment to service and making a difference.","Social Worker","Compassionate","Social Work, Helping Others","Long-term"
"The Adventurous Musician","Musician who loves creating new melodies and performing live. Seeking someone who enjoys creativity, music, and fun experiences.","Musician","Adventurous","Music, Performing","Casual"
"The Fitness Coach","Personal trainer who is passionate about helping others achieve their fitness goals. Looking for a partner who values health and fitness.","Fitness Coach","Outgoing","Fitness, Wellness","Long-term"
"The Focused Entrepreneur","Entrepreneur who is dedicated to building successful businesses. Looking for a partner who shares my ambition and drive for success.","Entrepreneur","Outgoing","Business, Entrepreneurship","Long-term"
"The Intellectual Artist","Artist who finds beauty in the abstract and unconventional. Seeking a partner who appreciates creativity and the deeper meanings in art.","Artist","Introverted","Art, Creativity","Seeking Deep Connection"
"The Passionate Photographer","Photographer who captures moments that tell stories. Looking for someone who appreciates art, photography, and spontaneous adventures.","Photographer","Creative","Photography, Traveling","Casual"
"The Adventurous Chef","Chef who loves experimenting with new flavors and cooking techniques. Looking for a partner who enjoys culinary adventures and sharing meals.","Chef","Adventurous","Cooking, Food","Long-term"
"The Dynamic Musician","Musician who lives for creativity and expression. Seeking someone who appreciates the power of music and creativity.","Musician","Outgoing","Music, Performance","Casual"
"The Compassionate Doctor","Doctor dedicated to healing and helping others. Looking for a partner who values kindness, empathy, and making a difference in the world.","Doctor","Compassionate","Healthcare, Helping Others","Long-term"
"The Tech Enthusiast","Tech enthusiast passionate about gadgets and coding. Seeking a partner who shares my love for technology and problem-solving.","Tech Enthusiast","Introverted","Technology, Innovation","Casual"
"The Curious Explorer","Explorer who seeks out new adventures and experiences. Looking for someone who enjoys exploring new cultures and environments.","Explorer","Adventurous","Traveling, Nature","Long-term"
"The Ambitious Entrepreneur","Entrepreneur with a passion for building businesses. Looking for a partner who shares my vision and work ethic.","Entrepreneur","Outgoing","Business, Innovation","Long-term"
"The Motivated Athlete","Athlete who thrives on pushing my limits. Looking for a partner who shares my passion for fitness and competition.","Athlete","Outgoing","Sports, Fitness","Long-term"
"The Creative Writer","Writer who loves crafting stories and poems. Looking for someone who enjoys literature and creative writing.","Writer","Creative","Writing, Literature","Seeking Deep Connection"
"The Eco-Conscious Designer","Sustainable designer with a passion for green technology. Looking for a partner who shares my commitment to the environment and innovation.","Designer","Compassionate","Sustainability, Design","Long-term"
"The Social Media Specialist","Social media expert with a knack for branding and storytelling. Seeking someone who enjoys the digital world and content creation.","Social Media Specialist","Outgoing","Marketing, Social Media","Casual"
"The Artistic Architect","Architect passionate about design and aesthetics. Looking for someone who appreciates architecture and creative spaces.","Architect","Creative","Design, Architecture","Long-term"
"The Motivated Consultant","Consultant helping businesses grow and thrive. Looking for a partner who shares my drive for success and professional growth.","Consultant","Outgoing","Business, Consulting","Long-term"
"The Intellectual Philosopher","Philosopher who enjoys pondering life’s big questions. Seeking a partner who loves deep conversations and exploring the meaning of life.","Philosopher","Introverted","Philosophy, Reading","Seeking Deep Connection"
"The Free-Spirited Artist","Artist who expresses myself through various creative mediums. Looking for someone who appreciates art, free expression, and creativity.","Artist","Adventurous","Art, Creativity","Casual"
"The Dedicated Teacher","Teacher who loves nurturing young minds and inspiring them to reach their potential. Looking for a partner who values education and personal growth.","Teacher","Compassionate","Teaching, Learning","Long-term"
"The Techie Traveler","Tech enthusiast who loves exploring new places and experiencing different cultures. Looking for a partner who enjoys both tech and travel.","Techie Traveler","Adventurous","Technology, Traveling","Casual"
"The Fun-Loving Dancer","Dancer who loves moving to the rhythm of life. Looking for someone who shares my passion for dance and fun.","Dancer","Outgoing","Dance, Performance","Casual"
"The Visionary Innovator","Innovator who strives to make the world a better place through new technologies. Seeking a partner who shares my enthusiasm for innovation.","Innovator","Outgoing","Technology, Innovation","Long-term"
"The Adventurous Traveler","World traveler who loves experiencing different cultures and perspectives. Looking for someone to join me on this journey of discovery.","Traveler","Adventurous","Traveling, Exploration","Long-term"
"The Motivated Entrepreneur","Entrepreneur who thrives on taking calculated risks and building success. Looking for a partner who values hard work and ambition.","Entrepreneur","Outgoing","Business, Growth","Long-term"
"The Caring Nurse","Nurse dedicated to providing compassionate care. Looking for a partner who shares my passion for helping others and making a positive impact.","Nurse","Compassionate","Healthcare, Helping Others","Long-term"
"The Fun-Loving Actor","Actor who loves bringing characters to life. Looking for someone who shares my passion for drama and performance.","Actor","Outgoing","Acting, Performance","Casual"
"The Intellectual Writer","Writer who enjoys deep thought and reflection. Looking for someone to share intellectual conversations and creative ideas.","Writer","Introverted","Writing, Literature","Seeking Deep Connection"
"The Passionate Gardener","Gardener with a love for plants and the environment. Looking for a partner who shares my love for nature and sustainable living.","Gardener","Adventurous","Gardening, Nature","Long-term"
"The Creative Filmmaker","Filmmaker with a passion for telling stories through the lens. Looking for a partner who enjoys creativity, film, and storytelling.","Filmmaker","Creative","Film, Storytelling","Casual"
"The Innovative Designer","Designer who loves creating impactful and functional designs. Looking for a partner who shares my love for creativity and design.","Designer","Creative","Design, Innovation","Long-term"
"The Focused Lawyer","Lawyer with a passion for justice and equality. Looking for a partner who values fairness and integrity.","Lawyer","Outgoing","Law, Justice","Long-term"
"The Artistic Musician","Musician who finds solace in creating melodies. Looking for someone who shares my love for music and expression.","Musician","Creative","Music, Performing","Casual"
"The Eco-Friendly Entrepreneur","Entrepreneur dedicated to creating a sustainable future. Looking for a partner who shares my passion for green business practices and innovation.","Entrepreneur","Compassionate","Sustainability, Business","Long-term"
"The Passionate Chef","Chef who loves experimenting with flavors and creating delicious dishes. Looking for a partner who shares my love for food and creativity.","Chef","Creative","Cooking, Food","Casual"
"The Ambitious Student","Student who is focused on achieving my goals. Looking for a partner who values education and intellectual growth.","Student","Introverted","Studying, Learning","Seeking Deep Connection"
"The Thoughtful Counselor","Counselor who loves helping others navigate life's challenges. Looking for a partner who values empathy and emotional support.","Counselor","Compassionate","Mental Health, Helping Others","Long-term"
"The Digital Nomad","Freelancer who loves the freedom to work from anywhere. Looking for a partner who shares my love for travel and flexibility in work.","Freelancer","Adventurous","Traveling, Freelance Work","Casual"
"The Tech Visionary","Visionary tech entrepreneur with a passion for shaping the future. Looking for someone who shares my enthusiasm for tech and innovation.","Tech Entrepreneur","Outgoing","Technology, Business","Long-term"
"The Caring Social Worker","Social worker committed to improving the lives of others. Looking for a partner who shares my passion for social causes and helping others.","Social Worker","Compassionate","Social Causes, Helping Others","Long-term"
"The Inspiring Motivator","Motivational speaker who empowers others to reach their fullest potential. Looking for a partner who values personal growth and positive energy.","Motivator","Outgoing","Inspiration, Personal Growth","Long-term"
"The Adventurous Scientist","Scientist who loves exploring new ideas and discovering the unknown. Looking for a partner who enjoys intellectual challenges and curiosity.","Scientist","Adventurous","Science, Exploration","Seeking Deep Connection"
"The Kind Teacher","Teacher dedicated to helping students succeed. Looking for a partner who values education, kindness, and making a difference.","Teacher","Compassionate","Teaching, Mentorship","Long-term"
"The Driven Businesswoman","Businesswoman who thrives on building and growing successful ventures. Looking for a partner who shares my ambition and drive for success.","Businesswoman","Outgoing","Business, Entrepreneurship","Long-term"
"The Creative Digital Artist","Digital artist who expresses myself through graphic design. Looking for a partner who enjoys creativity and visual art.","Digital Artist","Creative","Art, Design","Casual"
"The Motivated Public Speaker","Public speaker with a passion for inspiring and motivating others. Looking for a partner who shares my love for communication and growth.","Public Speaker","Outgoing","Public Speaking, Motivation","Long-term"
"The Curious Anthropologist","Anthropologist who loves studying cultures and human behavior. Looking for a partner who shares my interest in people and society.","Anthropologist","Introverted","Culture, Anthropology","Long-term"
"The Ambitious Marketing Strategist","Marketing strategist who loves building brands and reaching new audiences. Looking for a partner who shares my passion for business and marketing.","Marketing Strategist","Outgoing","Marketing, Strategy","Long-term"
"The Energetic Personal Trainer","Personal trainer dedicated to helping others achieve their fitness goals. Looking for a partner who values health and wellness.","Personal Trainer","Outgoing","Fitness, Health","Long-term"
"The Dynamic Dancer","Professional dancer who loves expressing myself through movement. Looking for someone who shares my passion for dance and creativity.","Dancer","Outgoing","Dance, Performance","Casual"
"The Committed Lawyer","Lawyer who is passionate about justice and equality. Looking for someone who shares my values of fairness and social responsibility.","Lawyer","Outgoing","Law, Justice","Long-term"
"The Creative Sculptor","Sculptor with a love for creating art in three dimensions. Looking for a partner who appreciates visual art and creativity.","Sculptor","Creative","Art, Sculpture","Seeking Deep Connection"
"The Thoughtful Historian","Historian who loves uncovering the past and learning from history. Looking for a partner who enjoys intellectual discussions and history.","Historian","Introverted","History, Research","Seeking Deep Connection"
"The Fun-Loving Musician","Musician who loves to jam and create. Looking for someone who shares my passion for music and fun.","Musician","Outgoing","Music, Creativity","Casual"
"The Determined Author","Author with a passion for storytelling. Looking for a partner who enjoys reading and creative writing.","Author","Creative","Writing, Literature","Long-term"
"The Passionate Traveler","Traveler with a love for discovering new cultures and meeting new people. Seeking a partner who enjoys exploring the world.","Traveler","Adventurous","Traveling, Exploration","Long-term"
"The Creative Architect","Architect who loves designing innovative and sustainable spaces. Looking for a partner who appreciates creativity and architecture.","Architect","Creative","Architecture, Design","Long-term"
"The Adventurous Chef","Chef who loves experimenting with flavors and cooking up new recipes. Looking for someone to share my culinary adventures.","Chef","Adventurous","Cooking, Food","Casual"
"The Compassionate Counselor","Counselor who is passionate about helping others through life's challenges. Looking for someone who values empathy and support.","Counselor","Compassionate","Helping Others, Mental Health","Long-term"
"The Ambitious Entrepreneur","Entrepreneur who is always chasing the next big idea. Looking for a partner who shares my drive for success and innovation.","Entrepreneur","Outgoing","Business, Entrepreneurship","Long-term"
"The Artistic Photographer","Photographer with a passion for capturing life's most beautiful moments. Looking for someone who appreciates art and creativity.","Photographer","Creative","Photography, Art","Casual"
"The Fun-Loving Musician","Musician who loves to play and create. Looking for someone who shares my love for music and creativity.","Musician","Outgoing","Music, Performance","Casual"
"The Motivated Athlete","Athlete who thrives on competition and pushing my limits. Looking for a partner who shares my love for fitness and sports.","Athlete","Outgoing","Sports, Fitness","Long-term"
"The Thoughtful Writer","Writer who enjoys exploring deep ideas and expressing myself through words. Looking for someone who enjoys literature and thoughtful conversation.","Writer","Introverted","Writing, Reading","Seeking Deep Connection"
"The Tech Enthusiast","Tech enthusiast with a passion for all things gadgets and innovation. Looking for someone who shares my love for technology.","Tech Enthusiast","Introverted","Technology, Gadgets","Casual"
"The Adventurous Dancer","Dancer who loves expressing myself through movement. Looking for someone who shares my passion for dance and performance.","Dancer","Adventurous","Dance, Movement","Casual"
"The Free-Spirited Artist","Artist who lives for creative expression and pushing boundaries. Looking for someone who shares my love for art and creativity.","Artist","Adventurous","Art, Expression","Long-term"
"The Ambitious Marketer","Marketer with a passion for branding and creative campaigns. Looking for someone who shares my enthusiasm for business and strategy.","Marketer","Outgoing","Marketing, Strategy","Long-term"
"The Focused Scientist","Scientist with a curiosity to explore the world and find innovative solutions. Looking for a partner who shares my intellectual curiosity.","Scientist","Introverted","Science, Innovation","Seeking Deep Connection"
"The Social Media Guru","Social media expert who thrives on creating engaging content. Looking for someone who enjoys the digital world and creativity.","Social Media Specialist","Outgoing","Social Media, Marketing","Casual"
"The Dynamic Teacher","Teacher who loves inspiring and educating young minds. Looking for a partner who values education and lifelong learning.","Teacher","Compassionate","Teaching, Education","Long-term"
"The Compassionate Nurse","Nurse dedicated to helping others feel better. Looking for a partner who values healthcare and empathy.","Nurse","Compassionate","Healthcare, Caring","Long-term"
"The Tech Innovator","Tech innovator always looking for ways to change the world with new ideas. Looking for someone who shares my passion for innovation and technology.","Tech Innovator","Outgoing","Technology, Innovation","Long-term"
"The Passionate Gardener","Gardener with a love for cultivating beautiful plants. Looking for a partner who shares my passion for nature and sustainability.","Gardener","Adventurous","Gardening, Nature","Long-term"
"The Inspiring Public Speaker","Public speaker who loves motivating and inspiring others. Looking for someone who shares my passion for communication and influence.","Public Speaker","Outgoing","Public Speaking, Inspiration","Long-term"
"The Creative Designer","Designer who loves bringing new ideas to life through design. Looking for someone who appreciates creativity and aesthetics.","Designer","Creative","Design, Art","Casual"
"The Motivated Consultant","Consultant who thrives on problem-solving and making a difference. Looking for a partner who values business strategy and growth.","Consultant","Outgoing","Business, Consulting","Long-term"
"The Caring Therapist","Therapist dedicated to helping others find peace and healing. Looking for a partner who values empathy and emotional support.","Therapist","Compassionate","Mental Health, Therapy","Long-term"
"The Dynamic Entrepreneur","Entrepreneur with a passion for building and growing businesses. Looking for a partner who shares my drive and ambition for success.","Entrepreneur","Outgoing","Business, Entrepreneurship","Long-term"
"The Creative Sculptor","Sculptor who loves working with my hands to create art. Looking for someone who appreciates creativity and craftsmanship.","Sculptor","Creative","Art, Sculpture","Casual"
"The Artistic Painter","Painter with a passion for expressing my emotions through colors. Looking for a partner who enjoys art and creative expression.","Painter","Creative","Painting, Art","Casual"
"The Curious Anthropologist","Anthropologist with a love for studying human culture and behavior. Looking for a partner who shares my interest in people and society.","Anthropologist","Introverted","Culture, Anthropology","Seeking Deep Connection"
"The Motivated Businesswoman","Businesswoman who is dedicated to success and growth. Looking for a partner who shares my ambition and entrepreneurial spirit.","Businesswoman","Outgoing","Business, Leadership","Long-term"
"The Fun-Loving Photographer","Photographer who loves capturing candid moments and beautiful scenery. Looking for someone who enjoys photography and adventure.","Photographer","Outgoing","Photography, Travel","Casual"
"The Intellectual Philosopher","Philosopher who enjoys deep thought and exploring the meaning of life. Looking for someone who enjoys intellectual discussions and reflection.","Philosopher","Introverted","Philosophy, Deep Conversation","Seeking Deep Connection"
"The Ambitious Architect","Architect with a passion for creating beautiful and functional spaces. Looking for a partner who shares my love for design and architecture.","Architect","Outgoing","Architecture, Design","Long-term"
"The Passionate Chef","Chef with a love for experimenting in the kitchen. Looking for someone who enjoys cooking and sharing delicious meals.","Chef","Adventurous","Cooking, Food","Casual"
"The Dynamic Actor","Actor who loves bringing stories and characters to life. Looking for a partner who shares my love for theater and performance.","Actor","Outgoing","Acting, Theater","Casual"
"The Dedicated Lawyer","Lawyer who is passionate about justice and fairness. Looking for a partner who values integrity and making a difference.","Lawyer","Outgoing","Law, Justice","Long-term"
"The Creative Filmmaker","Filmmaker with a passion for telling stories through the lens. Looking for someone who appreciates creativity and filmmaking.","Filmmaker","Creative","Film, Storytelling","Casual"
"The Determined Author","Author with a love for writing and creating new worlds. Looking for a partner who shares my passion for books and writing.","Author","Creative","Writing, Books","Long-term"
"The Adventurous Athlete","Athlete who loves taking on challenges and staying active. Looking for a partner who shares my love for fitness and adventure.","Athlete","Adventurous","Sports, Fitness","Long-term"
"The Fun-Loving Chef","Chef who enjoys creating new dishes and exploring flavors. Looking for someone who loves food and enjoys trying new things.","Chef","Outgoing","Cooking, Food","Casual"
"The Ambitious Musician","Musician who is always striving to improve my skills. Looking for a partner who shares my passion for music and performance.","Musician","Outgoing","Music, Performance","Long-term"
"The Inspiring Teacher","Teacher who loves helping others learn and grow. Looking for a partner who values education and inspiring others.","Teacher","Compassionate","Education, Mentorship","Long-term"
"The Innovative Engineer","Engineer with a love for solving complex problems and building new solutions. Looking for a partner who shares my passion for technology and innovation.","Engineer","Outgoing","Engineering, Innovation","Long-term"
"The Intellectual Writer","Writer who enjoys diving deep into literature and exploring different perspectives. Looking for a partner who loves books and intellectual discussions.","Writer","Introverted","Literature, Writing","Seeking Deep Connection"
"The Dedicated Social Worker","Social worker committed to helping those in need. Looking for a partner who shares my passion for helping others and making a difference.","Social Worker","Compassionate","Social Work, Helping Others","Long-term"
"The Creative Illustrator","Illustrator who loves bringing ideas to life through art. Looking for a partner who appreciates creativity and design.","Illustrator","Creative","Art, Illustration","Casual"
"The Energetic Dancer","Dancer who loves expressing myself through movement. Looking for someone who shares my love for dance and performance.","Dancer","Outgoing","Dance, Performance","Casual"
"The Motivated Student","Student who is passionate about learning and personal growth. Looking for a partner who values education and intellectual curiosity.","Student","Introverted","Studying, Learning","Seeking Deep Connection"
"The Caring Psychiatrist","Psychiatrist dedicated to helping others with their mental health. Looking for a partner who values empathy and mental wellness.","Psychiatrist","Compassionate","Mental Health, Therapy","Long-term"
"The Ambitious Designer","Designer who thrives on creativity and innovation. Looking for a partner who appreciates design and artistic expression.","Designer","Outgoing","Design, Creativity","Long-term"
"The Adventurous Photographer","Photographer who loves capturing the world through a lens. Looking for a partner who enjoys photography and traveling.","Photographer","Adventurous","Photography, Traveling","Casual"
"The Fun-Loving Gardener","Gardener with a passion for plants and nature. Looking for someone who enjoys the outdoors and gardening.","Gardener","Outgoing","Nature, Gardening","Casual"
"The Determined Fitness Trainer","Fitness trainer dedicated to helping others achieve their goals. Looking for a partner who shares my passion for health and fitness.","Fitness Trainer","Motivated","Fitness, Health","Long-term"
"The Curious Biologist","Biologist fascinated by the natural world. Looking for someone who shares my curiosity about life and the environment.","Biologist","Introverted","Biology, Nature","Seeking Deep Connection"
"The Energetic Actor","Actor who loves bringing stories to life on stage and screen. Looking for someone who enjoys theater and creative performance.","Actor","Outgoing","Acting, Theater","Casual"
"The Ambitious Researcher","Researcher passionate about uncovering new knowledge. Looking for a partner who shares my interest in science and discovery.","Researcher","Introverted","Science, Research","Long-term"
"The Inspired Poet","Poet who loves crafting words to express deep emotions. Looking for someone who appreciates poetry and creative writing.","Poet","Creative","Poetry, Writing","Seeking Deep Connection"
"The Creative Graphic Designer","Graphic designer who loves turning ideas into visual art. Looking for someone who shares my passion for design and creativity.","Graphic Designer","Creative","Design, Creativity","Casual"
"The Dynamic Entrepreneur","Entrepreneur who loves turning ideas into successful businesses. Looking for a partner who shares my vision for success and growth.","Entrepreneur","Outgoing","Business, Entrepreneurship","Long-term"
"The Passionate Philosopher","Philosopher who enjoys deep conversations about life. Looking for someone who shares my curiosity for intellectual topics.","Philosopher","Introverted","Philosophy, Deep Conversations","Seeking Deep Connection"
"The Enthusiastic Teacher","Teacher who is dedicated to inspiring students and fostering a love for learning. Looking for a partner who values education and mentorship.","Teacher","Compassionate","Education, Teaching","Long-term"
